{"cameraMode":{"drawMode":0,"name":"Shaded","section":"Shading Mode"},"sceneLighting":false,"audioPlay":false,"sceneViewState":{"showFog":true,"showMaterialUpdate":false,"showSkybox":false,"showFlares":true,"showImageEffects":true,"showParticleSystems":true},"in2DMode":false,"pivot":{"x":-0.01612546667456627,"y":0.5409752130508423,"z":1.17263925075531},"rotation":{"x":0.10353246331214905,"y":-0.3901520371437073,"z":0.04419584944844246,"w":0.9138500690460205},"size":3.500999927520752,"orthographic":false}